item_id,item_name,author_name,cover_url,extend
10115485222360,润本（RUNBEN）儿童面霜蛋黄油特护霜婴幼儿秋冬保湿滋润补水宝宝精华霜护肤乳 蛋黄油特护霜 10g 2支 【轻润版】,润本官方旗舰店,https://img14.360buyimg.com/pop/jfs/t1/112076/3/51328/35241/66da54a0Ffabe656f/d2ae1b06902d0759.jpg,"{'price': 29.9, 'coupon_discount': 10, 'price_coupon': 19.9, 'commission': 3.98}"
10023401115086,爱立方冻干猫粮幼猫成猫增肥发腮营养鸡肉鸭肉鹌鹑小鱼干冻干生骨肉 【增肥发腮】鸡肉冻干 60g,爱立方宠物生活旗舰店,https://img14.360buyimg.com/pop/jfs/t1/119282/23/36179/144082/6422904cF2c061215/cbc6b622a60175cb.jpg,"{'price': 59, 'coupon_discount': 30, 'price_coupon': 29, 'commission': 5.8}"
10090294391991,柔丫（rouya）4试用装干爽纸尿裤宝宝成长裤婴儿尿不湿超薄防漏瞬吸透气学步裤 芯太软拉拉裤试用装M码10片,柔丫母婴用品旗舰店,https://img14.360buyimg.com/pop/jfs/t1/190882/2/47927/106201/673e8cc5Fbcc90c37/dcf6a860c13cc4c4.jpg,"{'price': 12.9, 'coupon_discount': 6, 'price_coupon': 6.9, 'commission': 2.07}"
10105105934487,英氏婴儿洗衣液宝宝专用洗衣皂液儿童内裤天然酵素去污柔护洗衣液bb 洗衣液800ml*1+500ml*2,英氏洗护旗舰店,https://img14.360buyimg.com/pop/jfs/t1/147648/26/44756/104101/6734cac0F5892eb72/73cf0641de5c0edb.jpg,"{'price': 59, 'coupon_discount': 10, 'price_coupon': 49, 'commission': 12.25}"
10118722177238,可复美医用皮肤液体敷料 次抛状 非面膜创面护理 TK 1.2mL×7支/袋,可复美官方旗舰店,https://img14.360buyimg.com/pop/jfs/t1/245158/23/16168/50983/66aca28aFdd176aa6/a2407a4a2bc42696.jpg,"{'price': 49.9, 'coupon_discount': 10, 'price_coupon': 39.9, 'commission': 4.79}"
10107621841316,南京同仁堂梨膏糖润喉糖金银花雪梨罗汉果薄荷糖润肺平喘儿童成年人零食糖果 250g*3罐【更划算】,京福依卖场店,https://img14.360buyimg.com/pop/jfs/t1/4500/15/24318/148425/66a35ef6F897535ef/bc465b930a95c254.jpg,"{'price': 47.8, 'coupon_discount': 21, 'price_coupon': 26.8, 'commission': 0.67}"
100016264078,英氏儿童沐浴露洗发二合一婴儿沐浴露洗发水慕斯小奶泡桃子味350ml,英氏（YEEHOO）洗护京东自营旗舰店,https://img14.360buyimg.com/pop/jfs/t1/181918/29/45996/103881/6732c73dF0a707d6e/14a0f5dfe497152f.jpg,"{'price': 66, 'coupon_discount': 10, 'price_coupon': 56, 'commission': 7.35}"
100018291095,小鹿蓝蓝_婴幼儿威化饼干 芝士味 婴幼儿零食手指米饼干宝宝零食 39g,小鹿蓝蓝京东自营旗舰店,https://img14.360buyimg.com/pop/jfs/t1/210561/11/48447/133037/6740b940Fb62b8042/47389e786b0ec465.jpg,"{'price': 29.9, 'coupon_discount': 0.5, 'price_coupon': 14.95, 'commission': 2.99}"
10086280146031,优洁士 吸色片防染色洗衣片防串色色母片母婴可用衣物洗衣神器 吸色片3盒【150片装】,优洁士官方旗舰店,https://img14.360buyimg.com/pop/jfs/t1/223185/36/47509/131408/67356013F0b03ff2a/f8e62f9fdb85e30b.jpg,"{'price': 39.9, 'coupon_discount': 15, 'price_coupon': 24.9, 'commission': 3.38}"
100071282621,AHCB5臻致舒缓水盈水乳 玻尿酸护肤品套装(水+乳液) 深补水 生日礼物,AHC 京东自营旗舰店,https://img14.360buyimg.com/pop/jfs/t1/221622/37/48325/113481/673c41d7F387c8f82/41cf4c2bf5223f26.jpg,"{'price': 198, 'coupon_discount': 58, 'price_coupon': 140, 'commission': 7}"
100082217088,润本（RUNBEN）青少年温和洁面泡泡200ml控油洁净10岁以上儿童学生专用洗面奶,润本京东自营官方旗舰店,https://img14.360buyimg.com/pop/jfs/t1/184121/7/36063/131425/64c31ab8Fb8bfe66a/69e5ca49edddaa85.jpg,"{'price': 34.9, 'coupon_discount': 15, 'price_coupon': 19.9, 'commission': 3.98}"
10115485222360,润本（RUNBEN）儿童面霜蛋黄油特护霜婴幼儿秋冬保湿滋润补水宝宝精华霜护肤乳 蛋黄油特护霜 10g 2支 【轻润版】,润本官方旗舰店,https://img14.360buyimg.com/pop/jfs/t1/112076/3/51328/35241/66da54a0Ffabe656f/d2ae1b06902d0759.jpg,"{'price': 29.9, 'coupon_discount': 10, 'price_coupon': 19.9, 'commission': 3.98}"
10023401115086,爱立方冻干猫粮幼猫成猫增肥发腮营养鸡肉鸭肉鹌鹑小鱼干冻干生骨肉 【增肥发腮】鸡肉冻干 60g,爱立方宠物生活旗舰店,https://img14.360buyimg.com/pop/jfs/t1/119282/23/36179/144082/6422904cF2c061215/cbc6b622a60175cb.jpg,"{'price': 59, 'coupon_discount': 30, 'price_coupon': 29, 'commission': 5.8}"
100018291095,小鹿蓝蓝_婴幼儿威化饼干 芝士味 婴幼儿零食手指米饼干宝宝零食 39g,小鹿蓝蓝京东自营旗舰店,https://img14.360buyimg.com/pop/jfs/t1/210561/11/48447/133037/6740b940Fb62b8042/47389e786b0ec465.jpg,"{'price': 29.9, 'coupon_discount': 0.5, 'price_coupon': 14.95, 'commission': 2.99}"
100082217088,润本（RUNBEN）青少年温和洁面泡泡200ml控油洁净10岁以上儿童学生专用洗面奶,润本京东自营官方旗舰店,https://img14.360buyimg.com/pop/jfs/t1/184121/7/36063/131425/64c31ab8Fb8bfe66a/69e5ca49edddaa85.jpg,"{'price': 34.9, 'coupon_discount': 15, 'price_coupon': 19.9, 'commission': 3.98}"
37866184784,荣业广式腊肠广东自制腊肠吉祥腊肠五分瘦腊肠广东特产猪肉香肠 500g 吉祥系列（250g*2）,荣业官方旗舰店,https://img14.360buyimg.com/pop/jfs/t1/98652/24/46660/270491/66decd43F849f0864/3f7cae8f07fcae5d.jpg,"{'price': 29.8, 'coupon_discount': 10, 'price_coupon': 19.8, 'commission': 3.96}"
100045939771,润本（RUNBEN）内衣内裤洗衣液300ml生理期去血渍除菌抑菌除螨男女通用机洗手洗,润本京东自营官方旗舰店,https://img14.360buyimg.com/pop/jfs/t1/179534/30/46769/89102/6684c463F1d8499b8/b2456a24b3c25a57.jpg,"{'price': 21.9, 'coupon_discount': 9, 'price_coupon': 12.9, 'commission': 2.58}"
10041573807530,英氏奶瓶清洗剂洗奶瓶刷婴儿奶瓶奶嘴果蔬玩具洗洁精酵素清洁泡沫b 【到手2瓶】奶瓶清洗剂450ml,英氏洗护旗舰店,https://img14.360buyimg.com/pop/jfs/t1/203894/22/48731/72968/6734c7a8F7cc66b63/ad941fb176675826.jpg,"{'price': 49, 'coupon_discount': 10, 'price_coupon': 39, 'commission': 9.79}"
10105285075490,女王圈玫瑰香氛沐浴露润肤丝滑持久留香易起泡易冲洗净透毛孔男女用嫩滑 500g 2瓶,女王圈官方旗舰店,https://img14.360buyimg.com/pop/jfs/t1/207599/4/47997/62053/6736a4b3Fafa0dad6/7d4030ffaf0958d2.jpg,"{'price': 69.99, 'coupon_discount': 40, 'price_coupon': 29.99, 'commission': 9}"
100027368806,杰士邦超薄超润玻尿酸组合24只避孕套安全套套女性润滑快潮秒喷成人用品,杰士邦京东自营旗舰店,https://img14.360buyimg.com/pop/jfs/t1/248102/21/26378/111356/67481e13F1c55ddfc/3853d9542f8dac06.jpg,"{'price': 76.9, 'coupon_discount': 10, 'price_coupon': 66.9, 'commission': 9.38}"
5724610,广誉远 定坤丹（水蜜丸）7g*3瓶 滋补气血 调经舒郁 用于月经不调 行经腹痛 补气血女补气养血 OTC 疗效险 老字号,广誉远京东自营官方旗舰店,https://img14.360buyimg.com/pop/jfs/t20271128/184968/34/53588/134308/674832c5Ff434e8a9/a8e69569d50520aa.png,"{'price': 159, 'coupon_discount': 50, 'price_coupon': 109, 'commission': 19}"
1594265196,润本（RUNBEN）婴儿沐浴露洗发水二合一 新生儿童洗发水3-6岁氨基酸宝宝沐浴液 500ml 1瓶 【0岁+】婴儿款,润本官方旗舰店,https://img14.360buyimg.com/pop/jfs/t1/108021/18/57418/108310/67232a07Fa6accb39/d9eb6a9811262805.jpg,"{'price': 24.9, 'coupon_discount': 10, 'price_coupon': 14.9, 'commission': 2.98}"
2134033,善存（Centrum）成人男士复合维生素多维片200粒  含维生素B、C番茄红素矿物质,善存海外京东自营旗舰店,https://img14.360buyimg.com/pop/jfs/t1/189044/36/52871/120801/67459415F703c7574/b87af150e86f4f79.jpg,"{'price': 209, 'coupon_discount': 20, 'price_coupon': 189, 'commission': 23.8}"
100015756682,小鹿蓝蓝婴幼儿磨牙棒原味64g宝宝零食 营养辅食 磨牙棒（6+~36个月适用）,小鹿蓝蓝京东自营旗舰店,https://img14.360buyimg.com/pop/jfs/t1/185915/31/51866/111102/6740b99eF09f426a1/d1963b446c544ea0.jpg,"{'price': 29.9, 'coupon_discount': 0.5, 'price_coupon': 14.95, 'commission': 2.99}"
10110090244644,不二宝贝儿童秋梨膏枇杷膏山楂苹果六物膏换季泡水孩子养生无添加 莱阳秋梨枇杷膏（21条） 210g /桶,不二宝贝旗舰店,https://img14.360buyimg.com/pop/jfs/t1/245196/30/24460/158105/6735a2f8F32dec395/f7388d2bcfbd0017.jpg,"{'price': 32.9, 'coupon_discount': 11, 'price_coupon': 21.9, 'commission': 3.5}"
100088478294,小鹿蓝蓝 0蔗糖高钙奶酪爆米花泡芙球128g 宝宝泡芙儿童奶酪酥零食8小袋,小鹿蓝蓝京东自营旗舰店,https://img14.360buyimg.com/pop/jfs/t1/225295/24/27146/156360/67275696F8ba2eda8/21572ac8b23710ae.jpg,"{'price': 29.9, 'coupon_discount': 10, 'price_coupon': 19.9, 'commission': 3.98}"
10097611949808,长白山人参活性冻干人参盒装送手提袋 健康煲汤泡水泡酒节日礼品 活性冻干人参4盒送2个礼袋,长白山人参滋补旗舰店,https://img14.360buyimg.com/pop/jfs/t1/3063/39/23807/193414/66d982b4F03e353b3/6c0183e49a227a5f.jpg,"{'price': 268.8, 'coupon_discount': 189, 'price_coupon': 79.8, 'commission': 23.94}"
100017945134,小鹿蓝蓝_宝宝山楂棒 儿童零食宝宝零食山楂棒棒糖新鲜果干制作 106g,小鹿蓝蓝京东自营旗舰店,https://img14.360buyimg.com/pop/jfs/t1/150260/8/46688/267644/6741478bFfe70e609/b77ff1fb11a09b83.jpg,"{'price': 24.9, 'coupon_discount': 0.5, 'price_coupon': 12.45, 'commission': 2.49}"
100017582111,小鹿蓝蓝_宝宝米饼蔬菜味 米饼婴儿零食营养儿童磨牙饼 41g,小鹿蓝蓝京东自营旗舰店,https://img14.360buyimg.com/pop/jfs/t1/198224/38/47716/116355/6740b963F56511400/cecf3f2aae201090.jpg,"{'price': 29.9, 'coupon_discount': 0.5, 'price_coupon': 14.95, 'commission': 2.99}"
10031295601026,RedDog红狗鱼油猫咪狗狗宠物卵磷脂软磷脂爆毛 猫狗维生素 鱼油223ml（约3个月用量）,红狗旗舰店,https://img14.360buyimg.com/pop/jfs/t1/246425/14/26308/110822/6748262dFc18f9edd/a1978352f327497f.jpg,"{'price': 99, 'coupon_discount': 7, 'price_coupon': 92, 'commission': 22.25}"
44529390215,爱肤佳（aifujia）厨房湿巾去油污加厚厨房用纸油烟机重油污清洁湿纸巾一次性抹布 50抽X3包,爱肤佳官方旗舰店,https://img14.360buyimg.com/pop/jfs/t1/238252/30/15768/195997/6620c201F5fa17b1a/02ab365073e05b7a.jpg,"{'price': 19.9, 'coupon_discount': 10, 'price_coupon': 9.9, 'commission': 1.98}"
10060159792815,牙博士防蛀牙健白牙膏套装清新口气预防龋齿保护牙釉质 8件套含赠共675g【送牙刷*2+牙膏 【收藏加购优先发货】,牙博士旗舰店,https://img14.360buyimg.com/pop/jfs/t1/226645/28/14798/154413/65fce8c4Ff86a4fae/52317617a148acf8.jpg,"{'price': 159.9, 'coupon_discount': 120, 'price_coupon': 39.9, 'commission': 4.49}"
100007651966,善存（Centrum） 中老年女性复合维生素275粒 50+女性补充维生素C、B等多维矿物质,善存海外京东自营旗舰店,https://img14.360buyimg.com/pop/jfs/t1/195229/32/54028/127864/67459408F8d0a14e5/d8c1b138e9191423.jpg,"{'price': 259, 'coupon_discount': 20, 'price_coupon': 239, 'commission': 47.8}"
10026248467776,蕾拉【法国LAYLA MANOR】进口红酒14度干红葡萄酒 礼盒750ml整箱6支装,蕾拉酒类旗舰店,https://img14.360buyimg.com/pop/jfs/t1/153969/10/42897/732783/67338f0dF19e1943f/7e477fc9ba7660d7.png,"{'price': 969, 'coupon_discount': 600, 'price_coupon': 369, 'commission': 42.25}"
100058675798,小鹿蓝蓝 婴幼儿星星泡芙 宝宝零食儿童零食水果易吞咽 蓝莓味42g,小鹿蓝蓝京东自营旗舰店,https://img14.360buyimg.com/pop/jfs/t1/199777/38/49382/143195/6740b919Fea87f3f7/83357689da68d186.jpg,"{'price': 29.4, 'coupon_discount': 0.5, 'price_coupon': 14.7, 'commission': 2.94}"
100039189568,虎标中国香港品牌普洱熟茶 勐海普洱熟茶铁盒装200g送礼,虎标京东自营旗舰店,https://img14.360buyimg.com/pop/jfs/t1/148512/26/45262/141979/67354d47Fe8aac6ac/23364a837bd5635c.jpg,"{'price': 108, 'coupon_discount': 5, 'price_coupon': 103, 'commission': 11.27}"
10091238420529,戴·可·思（Dexter）婴儿护唇膏 儿童唇膏 宝宝润唇膏 持久保湿防干裂 3.6g 唇膏3.6g,戴·可·思旗舰店,https://img14.360buyimg.com/pop/jfs/t1/5275/32/25100/75612/66f4f4bdFde21ee38/4b00fad4c0037d7b.jpg,"{'price': 39.9, 'coupon_discount': 10, 'price_coupon': 29.9, 'commission': 5.98}"
57752233373,优理氏（UNES） 烟酰胺安瓶面膜深层补水保湿全脸提亮紧致润肤改善暗沉滋养舒缓 【20片】烟酰胺面膜,优理氏官方旗舰店,https://img14.360buyimg.com/pop/jfs/t1/232131/29/29920/110209/6736b016Fcf16fdf8/9275e792d043f387.jpg,"{'price': 109, 'coupon_discount': 70, 'price_coupon': 39, 'commission': 9.75}"
10083125924515,ZRZR法国橙花精油舒缓修护玻色因面霜抗皱紧致提亮肤色乳液护肤品 1盒/5支赠一支,ZRZR护肤旗舰店,https://img14.360buyimg.com/pop/jfs/t1/157118/10/49008/114155/67093928F79ef314f/fded5566e3333c45.jpg,"{'price': 104, 'coupon_discount': 5, 'price_coupon': 99, 'commission': 29.7}"
100029480883,VALIO蔚优 0乳糖牛奶粉 高钙脱脂奶粉700g 高蛋白学生成人奶粉,芬兰蔚优Valio京东自营旗舰店,https://img14.360buyimg.com/pop/jfs/t1/240240/3/25428/102789/6747d94dF48439c88/b0de0661b72b5b66.jpg,"{'price': 115, 'coupon_discount': 20, 'price_coupon': 95, 'commission': 13.07}"
10043437576162,佳婴氧气森林拉拉裤超薄婴儿尿不湿男女宝宝透气弱酸亲肤成长裤 XXL码68片全包臀拉拉裤,佳婴旗舰店,https://img14.360buyimg.com/pop/jfs/t1/242246/4/12342/87141/6673ca1aF8018df90/45918f734aeace07.jpg,"{'price': 109, 'coupon_discount': 5, 'price_coupon': 104, 'commission': 12}"
10070457054226,春娟黄芪霜滋润保湿补水经典老牌国货面霜护肤品脸霜化妆品油皮干皮 干皮滋润版30g,春娟旗舰店,https://img14.360buyimg.com/pop/jfs/t1/197493/10/40480/80240/6710cf99F184359c6/cd4b784051e2a27a.jpg,"{'price': 49.8, 'coupon_discount': 6, 'price_coupon': 43.8, 'commission': 8.3}"
10099687946458,优冠纯骆驼奶粉新疆正宗官方成人中老年高钙奶粉含益生菌富硒多维 【1罐体验装】1kg大罐,优冠纯成人奶粉旗舰店,https://img14.360buyimg.com/pop/jfs/t1/102168/15/54596/128447/671f7cdaF53704d75/84b1fc686e5d7f28.jpg,"{'price': 189, 'coupon_discount': 40, 'price_coupon': 149, 'commission': 15.6}"
10076401666766,妙抚（MANAFEEL）湿湿乐2号敏感肌儿童面霜宝宝保湿舒缓润肤霜日常护理婴儿身体乳 【舒缓泛红】2号200g,妙抚官方旗舰店,https://img14.360buyimg.com/pop/jfs/t1/242157/9/23520/93348/67467449Fc8d1d2c1/994007ab0f3a487e.jpg,"{'price': 228, 'coupon_discount': 30, 'price_coupon': 198, 'commission': 39.6}"
100137940436,宁之春 黑枸杞原浆2700ml礼盒装鲜果鲜榨礼盒送长辈礼品不添加,宁之春京东自营旗舰店,https://img14.360buyimg.com/pop/jfs/t1/190808/37/51075/122368/67444b4fFcc1998d5/8494cb622a0d183c.jpg,"{'price': 99, 'coupon_discount': 20, 'price_coupon': 79, 'commission': 19.83}"
10051977371714,爱肤佳含75%酒精湿纸巾便携酒精消毒湿巾儿童家用外出替代免洗洗手液 【便携装】10抽*10包,简界旗舰店,https://img14.360buyimg.com/pop/jfs/t1/77843/40/16175/70015/6358c888E85536a72/e50453431060ee27.jpg,"{'price': 15.9, 'coupon_discount': 6, 'price_coupon': 9.9, 'commission': 1.98}"
10057832132567,2024上册一二三四五六年级上下册王朝霞活页单元同步测试卷语文数学英语测试全能练考课堂达标100分北师苏教版同步练习模拟人教版上册 上册-单元-数学（北师版） 三年级,王朝霞图书旗舰店,https://img14.360buyimg.com/pop/jfs/t1/236744/7/20750/157061/6684c621F0a634ba2/b25ccc1b62c67538.jpg,"{'price': 9.9, 'coupon_discount': 5, 'price_coupon': 4.9, 'commission': 1.47}"
10083999893866,正版图书【全套40册】宝贝晚安 0-3-6周岁幼儿童亲子睡前共读哄睡早教启蒙故事绘本培养好性格好习惯高情商情绪管理 湖北新华书店旗舰店,湖北新华书店旗舰店,https://img14.360buyimg.com/pop/jfs/t1/96361/15/35940/224041/64e5b0b5F1db42dcb/28de8327047966b5.jpg,"{'price': 22.9, 'coupon_discount': 13, 'price_coupon': 9.9, 'commission': 1.98}"
10084096558191,好适嘉猫罐头 98K低脂全价主食罐170g 低脂肪量高肉含量0内脏 【实惠】混合口味 6罐共1020g,好适嘉旗舰店,https://img14.360buyimg.com/pop/jfs/t1/120782/29/40645/75866/64feb679Fa0de11dd/d322afd142625052.jpg,"{'price': 48, 'coupon_discount': 15, 'price_coupon': 33, 'commission': 6}"
100006043920,花木星球超持久留香香氛洗衣液12.6斤(护色增艳+洁净透亮) 玫瑰 雪松木,联合利华京东自营旗舰店,https://img14.360buyimg.com/pop/jfs/t1/93613/25/40130/186349/6743f2f3Fa5ed7a7e/3452b52922e70bc7.png,"{'price': 99.9, 'coupon_discount': 5, 'price_coupon': 94.9, 'commission': 18.98}"
10023501984722,颐莲（RELLET）玻尿酸补水喷雾300ml*2瓶保湿补水爽肤水化妆水B,颐莲旗舰店,https://img14.360buyimg.com/pop/jfs/t1/157362/12/42594/58886/65e812c9F0503b1cc/d4ae3f1347981ea6.jpg,"{'price': 99, 'coupon_discount': 30, 'price_coupon': 69, 'commission': 16.57}"
10102142416121,简负 黑帽子山楂汁冰糖山楂浓果汁饮料果味饮品 125mL 9瓶,滋滋食品专营店,https://img14.360buyimg.com/pop/jfs/t1/176724/30/42669/107963/65e13c4bF7a27d805/058464f4f760e053.jpg,"{'price': 29.8, 'coupon_discount': 13, 'price_coupon': 16.8, 'commission': 3.36}"
10036088280471,优爱心（YOUAIXIN）适用于贝.亲奶瓶吸管配件宽口径奶瓶转换变喝奶喝水配件 优爱心3 吸嘴鸭嘴把手吸管刷4件套 绿色,优爱心母婴用品旗舰店,https://img14.360buyimg.com/pop/jfs/t1/47843/38/21474/33142/63eaec78F8dc9ac6f/bd2c3f0f86d996a7.jpg,"{'price': 23.9, 'coupon_discount': 10, 'price_coupon': 13.9, 'commission': 2.79}"
10066447038769,泸州老窖股份出品 金色之尊 五星级品质 收藏礼盒 浓香型纯粮食酿造 52%vol 500mL 2瓶 礼盒装,美酒京选旗舰店,https://img14.360buyimg.com/pop/jfs/t1/241593/34/15950/125279/66c55516F5db68bae/bc706efc91468d10.jpg,"{'price': 698, 'coupon_discount': 550, 'price_coupon': 148, 'commission': 27.6}"
10069599968199,韩金靓易梳彩染发剂植物自然遮白发染发膏不沾头皮男女染头发染发梳 黑茶色 180ml 【可盖白发】,韩金靓旗舰店,https://img14.360buyimg.com/pop/jfs/t1/196088/38/39836/117730/6520d4c9Fc540c831/25b5e159d4e4063c.jpg,"{'price': 59, 'coupon_discount': 30, 'price_coupon': 29, 'commission': 4.75}"
65505464990,百花 柠檬蜂蜜500g 柠檬蜂蜜茶  蜂蜜制品 中华老字号,百花旗舰店,https://img14.360buyimg.com/pop/jfs/t1/56085/15/25719/97454/66b46a63Fe8ffb9bb/b4b0417e5b1ab51a.jpg,"{'price': 129, 'coupon_discount': 60, 'price_coupon': 69, 'commission': 20.7}"
10025477474219,易茗金居虾皮 100g/袋 海产干货 北海淡干 少盐淡晒虾米海米虾干 100g*3袋,易茗金居官方旗舰店,https://img14.360buyimg.com/pop/jfs/t1/240057/29/3648/136571/65ae4b88F9ad8bd14/dbe5e24e29aba566.jpg,"{'price': 38, 'coupon_discount': 10, 'price_coupon': 28, 'commission': 5.6}"
10032965273300,蕾拉法国进口AOP级14度干红葡萄酒法国LAYLA MANOR 木箱礼盒750mlX6瓶,蕾拉酒类旗舰店,https://img14.360buyimg.com/pop/jfs/t1/221927/18/47917/946110/673d9371Ff7a6dbc1/31ad3798ceed9e81.png,"{'price': 968, 'coupon_discount': 600, 'price_coupon': 368, 'commission': 69.68}"
10026503598031,戴·可·思（Dexter）金盏花面霜婴儿秋冬特润面霜宝宝擦脸面霜滋润保湿 秋冬特润霜50g两瓶装,戴·可·思官方旗舰店,https://img14.360buyimg.com/pop/jfs/t1/21772/36/23365/73059/66e10d38F5f042c97/a6767d6ab52f4a06.jpg,"{'price': 196, 'coupon_discount': 38, 'price_coupon': 158, 'commission': 21.8}"
10057643088711,哲高拼装积木双层伦敦巴士公交车城市汽车儿童玩具男孩生日礼物 双层巴士【带3人物】-398颗粒,哲高玩具旗舰店,https://img14.360buyimg.com/pop/jfs/t1/177875/17/43603/205720/65fd2292F62ffcc36/405c597be680cea8.jpg,"{'price': 69, 'coupon_discount': 33, 'price_coupon': 36, 'commission': 7.2}"
10102899184922,小碗良食液体沙拉NFC复合代餐轻液断不添加0脂膳食纤维110g/袋 【液体沙拉含奇亚籽】21袋,小碗良食旗舰店,https://img14.360buyimg.com/pop/jfs/t1/243357/13/9380/213646/6654775bFdbbfc6c8/4ceefb869410b0ae.jpg,"{'price': 119.9, 'coupon_discount': 20, 'price_coupon': 99.9, 'commission': 29.97}"
10055482509830,KO-STAR 电脑麦克风USB电容麦直播声卡降噪专业录音k歌游戏唱歌会议家用台式笔记本手机有线话筒 升级款+监听孔+音量调节+收音切换+静音开关,KO-STAR麦克风旗舰店,https://img14.360buyimg.com/pop/jfs/t1/237181/21/15176/90314/66345f32F7c87c71b/706ff7589ba7fbc2.png,"{'price': 298, 'coupon_discount': 100, 'price_coupon': 198, 'commission': 37.6}"
10045578759298,拉斐法国原瓶进口红酒红酒礼盒 拉斐馆藏干红葡萄酒 双支红酒礼盒装,拉斐葡萄酒旗舰店,https://img14.360buyimg.com/pop/jfs/t1/119275/15/52659/115694/67341037Fcbf4c60d/0b69cf7d51b6791a.jpg,"{'price': 898, 'coupon_discount': 700, 'price_coupon': 198, 'commission': 33.6}"
10048442150307,英氏婴儿洗发沐浴二合一天然植物精粹氨基酸绵密泡泡 【送山茶籽】金盏花二合一450ml,英氏洗护旗舰店,https://img14.360buyimg.com/pop/jfs/t1/161264/13/53115/100540/6734cf47F49b277d5/4fcd9fab36f73f80.jpg,"{'price': 79, 'coupon_discount': 20, 'price_coupon': 59, 'commission': 17.11}"
10060861493954,宠莱克宠物狗狗猫咪眼药水消炎泰迪比熊眼睛发炎流眼泪 一瓶,宠莱克官方旗舰店,https://img14.360buyimg.com/pop/jfs/t1/235812/10/548/85757/65363b18Fd5ee8b3a/831678da6dbe6b04.jpg,"{'price': 29, 'coupon_discount': 5, 'price_coupon': 24, 'commission': 8.4}"
10100613654293,南京同仁堂【发四桶】高钙老黄瓜籽粉补养东北纯粉熟粉钙骨代餐粉 4罐装【共2000克】加送2袋装,老字号滋补甄选店,https://img14.360buyimg.com/pop/jfs/t1/135411/40/42460/158811/6613c776F9c410a8e/2243256b5ba6db5e.jpg,"{'price': 129, 'coupon_discount': 30, 'price_coupon': 99, 'commission': 29.7}"
100027744705,英氏儿童洗发水女童专用洗发水护发素氨基酸宝宝洗发保湿顺滑套装,英氏（YEEHOO）洗护京东自营旗舰店,https://img14.360buyimg.com/pop/jfs/t1/151937/15/44344/96523/6732c724F0fed98db/f83d44c56833d883.jpg,"{'price': 78.5, 'coupon_discount': 10, 'price_coupon': 68.5, 'commission': 13.7}"
10100583163076,英氏奶瓶清洗剂婴儿洗奶瓶清洗液果蔬清洁剂可洗餐具玩具清洁泡沫bb 【到手2瓶】奶瓶果蔬清洗剂450ml,英氏婴童洗护旗舰店,https://img14.360buyimg.com/pop/jfs/t1/191639/38/50893/72968/6734b34fF06ca062e/08611accd631f01d.jpg,"{'price': 49, 'coupon_discount': 10, 'price_coupon': 39, 'commission': 8.58}"
10104915081415,九物道苹果黄芪水 素颜水女生调理养生补气血红枣黄芪苹果枸杞子 苹果黄芪水两袋（7g*40包）,九物道旗舰店,https://img14.360buyimg.com/pop/jfs/t1/161355/29/43736/146515/660621c0F335d35fa/40fddab7768308f0.jpg,"{'price': 19.9, 'coupon_discount': 5, 'price_coupon': 14.9, 'commission': 2.98}"
10030445604892,韩美肌（Hanmeiji）雪莲花秘润沁肤凝颜补水保湿紧致护肤化妆品套装 【淡纹紧致】雪莲花六件套,韩美肌旗舰店,https://img14.360buyimg.com/pop/jfs/t1/174557/11/8232/85766/6093b5a9E8bf8b9a7/052b5f51404989ff.jpg,"{'price': 899, 'coupon_discount': 610, 'price_coupon': 289, 'commission': 20.77}"
10115488069292,HANBOLI氨基酸洗发水控油去屑洗发露蓬松持久留香沐浴露学生家庭洗护套装 氨基酸洗发水+氨基酸沐浴露,仙莎专营店,https://img14.360buyimg.com/pop/jfs/t1/191574/18/49179/157872/67049e40Fff0af25f/f5bd0446e0d03273.jpg,"{'price': 49.9, 'coupon_discount': 30, 'price_coupon': 19.9, 'commission': 5.97}"
10094088561984,巴半维生素E乳滋润嫩肤面部高保湿擦脸清爽不粘乳液按压式 维生素E乳 100ml 3瓶,洁漓个护专营店,https://img14.360buyimg.com/pop/jfs/t1/228072/13/27116/124593/66e2c04eF52ec4366/0b95eeaacb9cc95f.jpg,"{'price': 39.9, 'coupon_discount': 30, 'price_coupon': 9.9, 'commission': 1.98}"
10021686372200,佳婴氧气森林拉拉裤超薄婴儿尿不湿男女宝宝透气弱酸亲肤成长裤 XXL码36片半包臀拉拉裤,佳婴旗舰店,https://img14.360buyimg.com/pop/jfs/t1/238233/19/21995/81376/66b5892fFe49f2175/6f17c92077c25277.jpg,"{'price': 54.9, 'coupon_discount': 3, 'price_coupon': 51.9, 'commission': 5.98}"
10071591836054,爱立方爱立方海洋盛宴冻干生骨肉 冻干猫零食营养增肥猫咪冻干猫粮小包 鸡肉冻干60g,爱立方宠物生活旗舰店,https://img14.360buyimg.com/pop/jfs/t1/127515/34/30099/101714/641d4a27F470ca4db/5d541d06a2478f51.png,"{'price': 59, 'coupon_discount': 30, 'price_coupon': 29, 'commission': 5.8}"
10036738264120,戴·可·思（Dexter） 婴儿润护唇膏 宝宝儿童护唇膏 保湿防干裂 唇膏1只装,戴·可·思旗舰店,https://img14.360buyimg.com/pop/jfs/t1/5275/32/25100/75612/66f4f4bdFde21ee38/4b00fad4c0037d7b.jpg,"{'price': 39.9, 'coupon_discount': 10, 'price_coupon': 29.9, 'commission': 5.98}"
10104938284986,州王子贵州王子酒 敦煌文化 瓶身飞天/龙纹图案 酱香型白酒 龙年珍藏 53度 500mL 2瓶,民酒网酒水旗舰店,https://img14.360buyimg.com/pop/jfs/t1/227816/4/19103/161989/66542cdaF98c6b166/d1ae3c47a8071a05.jpg,"{'price': 1998, 'coupon_discount': 1598, 'price_coupon': 400, 'commission': 23.7}"
62164795108,五粮液股份有限公司出品52度浓香型白酒感恩龙年传承金酒 52度 500mL 2瓶 升级款礼盒装,福乐盟官方旗舰店,https://img14.360buyimg.com/pop/jfs/t1/194765/12/49969/187769/672087b3Ff70da3f1/44dad0e314348628.jpg,"{'price': 1288, 'coupon_discount': 990, 'price_coupon': 298, 'commission': 39.6}"
16384237069,小浣熊 儿童保湿霜30g 儿童面霜润护唇膏护手霜套装 宝宝润肤露,小浣熊官方旗舰店,https://img14.360buyimg.com/pop/jfs/t1/227986/16/10127/80724/658bc4cbFf550307a/73cec26b6fa4f29e.jpg,"{'price': 39.9, 'coupon_discount': 20, 'price_coupon': 19.9, 'commission': 3.98}"
10084036716513,惠寻棉感极柔万毛牙刷 HX 万毛牙刷 1支,惠寻口腔护理美叶专卖店,https://img14.360buyimg.com/pop/jfs/t1/245239/31/24652/62826/673804cfF2ed47dec/afff474aea371665.jpg,"{'price': 7.99, 'coupon_discount': 5, 'price_coupon': 2.99, 'commission': 0.75}"
10084017528122,朗诺（RANOVA）朗诺冻干主粮150g猫粮冻干生骨肉主食冻干 150g鹌鹑兔肉各2袋 成猫,朗诺官方旗舰店,https://img14.360buyimg.com/pop/jfs/t1/179209/38/51163/423667/673be204F3b03665f/626767fb2cfb23cc.png,"{'price': 188, 'coupon_discount': 60, 'price_coupon': 128, 'commission': 25.6}"
10088845457845,泸州股份出品 52度优级 浓香型白酒 泸州福龙凤呈祥 龙年礼盒装 52%vol 500mL 2瓶,酒路网卖场店,https://img14.360buyimg.com/pop/jfs/t1/248192/40/17594/235096/66cc16fcF23178a86/ae7fc580df9ee135.jpg,"{'price': 798, 'coupon_discount': 460, 'price_coupon': 338, 'commission': 27.6}"
10107921930268,五粮液股份出品 官方授权 浓香型优级白酒 喜福盛世 52度 500mL 3盒 龙年礼盒整箱装,喜福盛世旗舰店,https://img14.360buyimg.com/pop/jfs/t1/199071/29/38718/191326/667e1e60F347c8a66/05df510409e948cd.jpg,"{'price': 2519.7, 'coupon_discount': 2010, 'price_coupon': 509.7, 'commission': 101.94}"
10091257676934,佳婴氧气森林超薄纸尿裤柔透气尿裤干爽新生婴儿尿不湿 XL码72片12-17KG,佳婴旗舰店,https://img14.360buyimg.com/pop/jfs/t1/206740/26/37453/117826/65533252F4cbc7b88/05123cf65f3f993e.jpg,"{'price': 109, 'coupon_discount': 5, 'price_coupon': 104, 'commission': 12}"
10086900600810,泸州股份出品 古颂四禧 浓香型白酒 纯粮食酒  礼盒装 送礼佳品 52%vol 500mL 4瓶 (手提原箱),酒路网卖场店,https://img14.360buyimg.com/pop/jfs/t1/249306/22/18673/278598/66e3e864F7a037f27/0730b06ad79eebb0.jpg,"{'price': 899, 'coupon_discount': 631, 'price_coupon': 268, 'commission': 33.6}"
10098152810598,舍得沱牌 窖藏沱牌浓香型白酒 纯粮酒 500ml*2瓶礼盒装 宴请送礼 50%vol 500mL 8瓶,知心酒事卖场店,https://img14.360buyimg.com/pop/jfs/t1/226815/36/9762/93958/6582abdaF72eb5530/2e6ab3c57b3f842e.png,"{'price': 599, 'coupon_discount': 300, 'price_coupon': 299, 'commission': 59.8}"
100075374079,小植家 一次性洗脸巾干湿两用擦脸洁面巾加厚珍珠纹毛巾298抽,小植家京东自营旗舰店,https://img14.360buyimg.com/pop/jfs/t1/239521/29/17503/140813/66eb8ec3Fce4929bc/b023d1dd08b3e71c.jpg,"{'price': 59.9, 'coupon_discount': 15, 'price_coupon': 44.9, 'commission': 5.98}"
10106300118654,怀庄贵州老字号 53度酱香型白酒 收藏送礼迎宾礼盒酒整箱装 53度 500mL 6瓶 怀庄整箱,酒延续白酒专营店,https://img14.360buyimg.com/pop/jfs/t1/204027/19/44845/108401/6667feaeF534a0099/b3ab15fd2eb43c26.jpg,"{'price': 3999, 'coupon_discount': 2900, 'price_coupon': 1099, 'commission': 99.6}"
40725507155,上海故事 围脖双管双球冬季流行时尚日系可爱仿獭兔毛纯色 浅蓝,上海故事服饰配饰旗舰店,https://img14.360buyimg.com/pop/jfs/t1/153812/15/8226/133825/5fc8ae54E975bd3a3/3ff7735d9c9d1baa.jpg,"{'price': 59, 'coupon_discount': 40, 'price_coupon': 19, 'commission': 3.8}"
10055056357442,伯纳赫修修瓶医用重组胶原蛋白功能敷料 非慢性创面及周围皮肤的护理 凝胶30g,伯纳赫旗舰店,https://img14.360buyimg.com/pop/jfs/t1/193606/16/52127/59110/673aa22fFda70e26b/ccc9ae3fab812a7e.jpg,"{'price': 266, 'coupon_discount': 90, 'price_coupon': 176, 'commission': 35.04}"
10080808400990,uncle lemon四川特产青柠檬特产水果新鲜多汁皮薄奶茶店榨汁泡茶切片产地直供 5斤超值装,uncle lemon生鲜旗舰店,https://img14.360buyimg.com/pop/jfs/t1/97833/17/2798/487783/5dd64f23E4559ea1a/cada6684b172056a.jpg,"{'price': 24.9, 'coupon_discount': 6, 'price_coupon': 18.9, 'commission': 3.78}"
56664412201,小小百科宝典 科普童话绘本馆：牙齿村 牙齿的功能与重要性，怎样爱护牙齿 儿童科学知识绘本,小脚鸭图书旗舰店,https://img14.360buyimg.com/pop/jfs/t1/69477/20/9933/127306/5d78842cEc818933c/4d2eca38b2d3a0ea.jpg,"{'price': 15.8, 'coupon_discount': 10, 'price_coupon': 5.8, 'commission': 1.16}"
10067878470166,蕾拉法国LAYLA MANOR进口14度红酒AOP级干红葡萄酒皮质礼盒750mLX两支,蕾拉酒类旗舰店,https://img14.360buyimg.com/pop/jfs/t1/89293/29/44225/786834/670a443aFb1b431b9/fb32ba882a10d3db.png,"{'price': 936, 'coupon_discount': 600, 'price_coupon': 336, 'commission': 34}"
10099355653103,宁安堡黑枸杞原浆 花青素青海黑枸杞汁便携小袋装滋补养生 礼品送长辈 蓝莓黑枸杞原浆1盒【30ml*10袋】,宁安堡官方旗舰店,https://img14.360buyimg.com/pop/jfs/t1/229384/40/13723/171295/664dc1efF104e706b/b92d12f3d23b2f5d.jpg,"{'price': 29.9, 'coupon_discount': 5, 'price_coupon': 24.9, 'commission': 3.74}"
29224731822,万人迷（manovo） 防摔防尘防喷罩网防风罩KTV麦克风套麦套话筒罩加厚话筒套 海绵套 随机5个9.8,朴彩数码专营店,https://img14.360buyimg.com/pop/jfs/t24256/115/413807098/114733/4aa4340/5b2ef647N2445e8a4.jpg,"{'price': 8.82, 'coupon_discount': 2, 'price_coupon': 6.82, 'commission': 1.36}"
10087532101430,布衣世慈艾草温灸贴颈肩腰腿关节颈椎贴 颈肩贴10袋【50贴】,布衣世慈官方旗舰店,https://img14.360buyimg.com/pop/jfs/t1/105129/15/43836/121503/66c43cceFb68980b6/8cb2b394eb46897a.jpg,"{'price': 59.9, 'coupon_discount': 30, 'price_coupon': 29.9, 'commission': 5.98}"
10085051244331,蕾拉法国进口LAYLA MANOR甜白葡萄酒750mlX6瓶整箱装进口甜白,蕾拉酒类旗舰店,https://img14.360buyimg.com/pop/jfs/t1/98286/20/53511/770859/670a41e0Fe4946acf/2dfb6995a284602f.png,"{'price': 986, 'coupon_discount': 600, 'price_coupon': 386, 'commission': 46.5}"
10105686239021,妮吖绵绵奶糕乌鸡羊乳猫咪营养肠胃无负担补水幼猫高适口性维它奶糕 鸡肉羊乳（25g*10包/盒） 1盒,妮吖官方旗舰店,https://img14.360buyimg.com/pop/jfs/t1/156791/31/39887/76455/65b209daF35122db2/6d10048f6de4680a.jpg,"{'price': 20.9, 'coupon_discount': 11, 'price_coupon': 9.9, 'commission': 1.98}"
10115663662164,喵铮铮鲜肉主食猫条试吃鱼油猫草幼猫补水全价营养增肥猫零食罐头湿粮 【混合 | 护毛+滋补】12根 数量以口味为准,喵铮铮宠物主粮官方旗舰店,https://img14.360buyimg.com/pop/jfs/t1/11506/34/23921/78320/66dac53eF694115c8/e2d4f519b367e6e5.png,"{'price': 13.99, 'coupon_discount': 4, 'price_coupon': 9.99, 'commission': 2}"
10042696157486,刺猬阿甘 膨化小零食网红锅巴宿舍追剧零食小吃15g*30包 椒香味30袋,刺猬阿甘旗舰店,https://img14.360buyimg.com/pop/jfs/t1/219191/20/28725/184591/64376bdeF0c5b4da7/b9d5912698ac4332.jpg,"{'price': 49.9, 'coupon_discount': 32, 'price_coupon': 17.9, 'commission': 3.58}"
45016504402,力诚（Reecen）鳕鱼肠宅家休闲零火腿肠鱼肉肠棒香肠儿童零食即食海味肠海味产品 【40根】加钙鳕鱼肠原味340g,力诚旗舰店,https://img14.360buyimg.com/pop/jfs/t1/230198/29/22169/119571/6695c9c2Ffe693ea4/e1dafb63990c19ef.jpg,"{'price': 26.9, 'coupon_discount': 4, 'price_coupon': 22.9, 'commission': 5.97}"
10103816521366,桃源祥蜂蜜长白山椴树雪蜜波美度42国标14963 冲调水饮送礼自饮 百花晶蜜+椴树雪蜜组合,桃源祥健康滋补官方旗舰店,https://img14.360buyimg.com/pop/jfs/t1/201607/14/48425/153636/6735c28cFdaac038e/d551b1c19464dc7b.jpg,"{'price': 69, 'coupon_discount': 40, 'price_coupon': 29, 'commission': 5.8}"
10026680528800,奥健奇吉 一次性使用医用外科口罩 三层防护甲流防飞沫 轻薄透气防晒医用灭菌型熔喷布医院医生成人口罩 灭菌级医用外科口罩【成人-白】50片/盒（独立装）,奇吉官方旗舰店,https://img14.360buyimg.com/pop/jfs/t1/131282/29/23390/101694/6248108aE052eed10/94fcaedce24432ce.jpg,"{'price': 29.8, 'coupon_discount': 10, 'price_coupon': 19.8, 'commission': 3.96}"
5518444,贝克曼博士（Dr.Beckmann）洗衣防染巾色母片抗染色洗衣片吸色片混洗防衣服串色家庭装72片,贝克曼博士京东自营旗舰店,https://img14.360buyimg.com/pop/jfs/t1/117041/3/34416/132022/63fef0c4Fd1ef8629/cb6db28f38a72f33.jpg,"{'price': 106.3, 'coupon_discount': 20, 'price_coupon': 86.3, 'commission': 17.26}"
47367174748,布衣世慈颈肩腰腿风湿膏贴颈椎病肩周炎腰椎间盘突出贴膏远红外筋骨痛可贴 颈肩腰腿风湿关节 3盒30贴,布衣世慈官方旗舰店,https://img14.360buyimg.com/pop/jfs/t1/224748/1/19112/116334/666bb45fFa6b51eb5/18da2705783c73ca.jpg,"{'price': 159, 'coupon_discount': 60, 'price_coupon': 99, 'commission': 39.6}"
100081062578,润本（RUNBEN）儿童洗手液宝宝专用250ml婴儿新生儿宝宝家用泡沫洗手液一按出泡,润本京东自营官方旗舰店,https://img14.360buyimg.com/pop/jfs/t1/182895/35/36064/97646/64cca62bF6c39598d/c488ec0b40402570.jpg,"{'price': 16.9, 'coupon_discount': 7, 'price_coupon': 9.9, 'commission': 1.98}"
1165632,贝克曼博士（Dr.Beckmann）衣领净强力洗白清洗剂顽固污渍预洗喷雾配洗衣液 德国进口500ml,贝克曼博士京东自营旗舰店,https://img14.360buyimg.com/pop/jfs/t1/213269/35/25861/84205/63f46f6fFf02351c3/e988bb67047a99fc.jpg,"{'price': 39.9, 'coupon_discount': 5, 'price_coupon': 34.9, 'commission': 6.98}"
100051815496,盖狮果泥西梅蓝莓车厘子无添加蔗糖礼盒100g*12袋享宝宝辅食谱,盖狮京东自营旗舰店,https://img14.360buyimg.com/pop/jfs/t1/194587/9/53333/224512/67482532F0a6edf1e/a81bb7adc519bc5c.jpg,"{'price': 213, 'coupon_discount': 0.9, 'price_coupon': 191.7, 'commission': 39.43}"
10089363903585,拜曼白芸豆酵素B420益生菌粉添加膳食纤维白芸豆阻断剂餐前即食型乳酸菌2g*10袋 5盒（实发10盒）,拜曼（BioMission）旗舰店,https://img14.360buyimg.com/pop/jfs/t1/247166/1/12511/146859/6673f7c3F3ae71a34/fa8415fde4b7654f.jpg,"{'price': 119.9, 'coupon_discount': 40, 'price_coupon': 79.9, 'commission': 23.97}"
10041798980865,衣飞扬内衣洗衣液内裤去血渍内裤净植物配方温和亲肤孕妇可用 内衣内裤洗衣液250ml*2瓶,衣飞扬家庭清洁旗舰店,https://img14.360buyimg.com/pop/jfs/t1/204823/35/38269/63458/64a16c82F2762b766/e9f33a50b4f03fb4.png,"{'price': 74.8, 'coupon_discount': 50, 'price_coupon': 24.8, 'commission': 4.96}"
38035390800,阿一波 酱菜脆笋梅菜70克*10包 下饭菜拌面配粥即开即食 香辣70克*10袋,阿一波旗舰店,https://img14.360buyimg.com/pop/jfs/t1/238118/24/17708/173795/66875cc6F219fd755/c1d3d5525cc367e7.jpg,"{'price': 19.9, 'coupon_discount': 6, 'price_coupon': 13.9, 'commission': 2.78}"
10070728402989,安记咖喱块家用黄咖喱调味料原味微辣中辣组合装咖喱100g*3盒 三口味各1盒100g*3,安记食品官方旗舰店,https://img14.360buyimg.com/pop/jfs/t1/122941/8/46248/209532/66fa040cFb9c79b4d/a981c0b380f85820.jpg,"{'price': 24.9, 'coupon_discount': 5, 'price_coupon': 19.9, 'commission': 4}"
10082676198655,呢咔猫罐头零食补水罐湿粮猫咪宠物高汤浓汤营养罐成幼猫鸡肉汤罐 【鸡丝+鸭丝+木瓜】85g*6罐,宠元宠物生活专营店,https://img14.360buyimg.com/pop/jfs/t1/8774/33/24941/113433/66909b31F6c586507/c11a5e2c32965a01.jpg,"{'price': 19.9, 'coupon_discount': 4, 'price_coupon': 15.9, 'commission': 2.58}"
10086621015144,GNITE美国水飞蓟籽油胶囊含朝鲜蓟姜黄素蒲公英根柚皮昔提取物90粒 水飞蓟籽油胶囊 90粒*2瓶装,GNITE旗舰店,https://img14.360buyimg.com/pop/jfs/t1/213130/2/38858/159071/6603ca31F068c2f1f/593bdc3dc5cb153b.jpg,"{'price': 218, 'coupon_discount': 129, 'price_coupon': 89, 'commission': 17.8}"
10047881617157,海狸先生 裙带菜海带丝开袋即食海草寿司梗片海白菜中华海藻沙拉 酸甜味 100g *5袋,海狸先生休闲零食官方旗舰店,https://img14.360buyimg.com/pop/jfs/t1/156567/10/39607/152468/64e8100dFd7c3cbb8/d3c26704a7a55132.jpg,"{'price': 18.9, 'coupon_discount': 5, 'price_coupon': 13.9, 'commission': 2.38}"
10112251493791,妮吖绵绵奶糕乌鸡羊乳猫咪营养肠胃无负担补水幼猫高适口性维它奶糕 猪猪黑桑葚（25g*10包/盒） 1盒,妮吖官方旗舰店,https://img14.360buyimg.com/pop/jfs/t1/241201/22/15626/147227/66b5bfc2F5c3366c1/912997da9947b903.jpg,"{'price': 20.9, 'coupon_discount': 11, 'price_coupon': 9.9, 'commission': 1.98}"
10102358530799,妙想时光裸感安睡裤超薄透气安全裤夜用卫生巾安心裤防漏姨妈巾 XL 10条 120-180斤,妙想时光官方旗舰店,https://img14.360buyimg.com/pop/jfs/t1/164492/23/34226/102368/670b895dF80378ed1/15a10874f68b6f91.jpg,"{'price': 9.9, 'coupon_discount': 2, 'price_coupon': 7.9, 'commission': 1.62}"
44287859942,文质（EVERLAST） 文质 5号碳性电池7号五号七号 低功耗玩具/电视空调遥控器/电子秤/挂钟 碳性7号20节,中光电池旗舰店,https://img14.360buyimg.com/pop/jfs/t1/183399/24/31630/113466/65b49af6F74fb5142/db91503fab7b06e5.jpg,"{'price': 69.8, 'coupon_discount': 50, 'price_coupon': 19.8, 'commission': 3.96}"
10111918507949,全国同城家电洗衣机维修滚筒波轮上门服务安装清洗小天鹅西门子海尔美的志高异响代码故障漏水震动 其他服务【10分钟极速达】,金城品匠旗舰店,https://img14.360buyimg.com/pop/jfs/t1/88155/23/55097/83872/671a0f35Fe459cc8a/f1629a7059e563ab.jpg,"{'price': 6, 'coupon_discount': 2, 'price_coupon': 4, 'commission': 0.4}"
100063298676,小鹿蓝蓝益生元山楂棒棒糕【升级款0白砂糖】 宝宝零食儿童零食棒棒糖 72g,小鹿蓝蓝京东自营旗舰店,https://img14.360buyimg.com/pop/jfs/t1/120084/2/48408/136783/6740b98bF01e98775/47afefbe5550aff5.jpg,"{'price': 26.9, 'coupon_discount': 0.5, 'price_coupon': 13.45, 'commission': 2.69}"
10111341622028,软风研究社亲肤棉柔护翼拒水防侧漏零感棉全日用组合卫生巾48片245mm12片4包 棉柔 245mm 12片,软风研究社旗舰店,https://img14.360buyimg.com/pop/jfs/t1/64744/5/27334/73229/66aa3d30Fc6c4818f/9df0a4776c251f63.jpg,"{'price': 9.9, 'coupon_discount': 3, 'price_coupon': 6.9, 'commission': 1.38}"
10080974670205,全国同城 开锁24小时上门服务防盗门指纹电子锁保险柜修锁换锁芯 防盗门开锁【10分钟上门】,金城品匠旗舰店,https://img14.360buyimg.com/pop/jfs/t1/192342/36/49963/67000/671a37c3F9d6104b3/3ccc0ee7e332f73d.jpg,"{'price': 6, 'coupon_discount': 2, 'price_coupon': 4, 'commission': 0.4}"
17201695672,春娟黄芪霜30g*2瓶装滋润保湿补水经典老牌国货面霜 护肤品脸霜干皮版,春娟旗舰店,https://img14.360buyimg.com/pop/jfs/t1/234944/16/23393/75968/668f884eFd161505c/8ce14b5f42803de6.jpg,"{'price': 99.6, 'coupon_discount': 20, 'price_coupon': 79.6, 'commission': 14.92}"
10048629439498,凡趣 100只 笑脸袋塑料袋大号手提垃圾袋 白色方便袋打包袋子加厚透明背心式马甲袋塑胶袋 100个（宽24*长40cm）,世纪景程清洁专营店,https://img14.360buyimg.com/pop/jfs/t1/147695/1/27882/133735/624fd95dE78bc1c6c/19d549d2227113a1.jpg,"{'price': 12.9, 'coupon_discount': 3, 'price_coupon': 9.9, 'commission': 1.78}"
10095301282625,MIFETU-GO安睡裤安全裤卫生巾拉拉裤安心裤女经期用裤型卫生巾日用夜用安裤 么么哒安睡裤1包（10片） 均码,mifetugo官方旗舰店,https://img14.360buyimg.com/pop/jfs/t1/220803/1/30827/77404/66373d85F6a6e084f/c1720024c15e91cd.jpg,"{'price': 12.9, 'coupon_discount': 3, 'price_coupon': 9.9, 'commission': 1.98}"
10109060730157,家得宝（homebaby）蚕丝蛋白面膜裤婴儿拉拉裤超薄柔软透气男女通用宝宝纸尿裤 纸尿裤迷你装S码14片≤5kg,家得宝官方旗舰店,https://img14.360buyimg.com/pop/jfs/t1/89117/18/23826/133324/65f02263Feeeb4d03/61583413d342d6ff.jpg,"{'price': 19.9, 'coupon_discount': 2, 'price_coupon': 17.9, 'commission': 2.18}"
10081156099361,黄飞鸿活络油50ml非香港原装版颈椎腰椎肩周关节风湿疼痛通经活络亚健康人群家用按摩刮痧油 1盒黄飞鸿活络油50ml,梦一一大药房旗舰店,https://img14.360buyimg.com/pop/jfs/t1/203361/31/36646/104372/64b8d168F9ee1f4d6/353fa87c5c378531.jpg,"{'price': 58.8, 'coupon_discount': 39, 'price_coupon': 19.8, 'commission': 4.95}"
10044239446149,SKT苦参沐浴露去背部痘痘留香男女后背去除螨痘香体沐浴乳保湿滋润 苦参沐浴露350ml*1,SKT美妆官方旗舰店,https://img14.360buyimg.com/pop/jfs/t1/121448/36/1626/38418/5ebe335fE3b385f1b/40eaff7eb828d451.jpg,"{'price': 39.9, 'coupon_discount': 30, 'price_coupon': 9.9, 'commission': 1.98}"
100097664807,PROTEFIX 恐龙医生正畸牙膏青少年成人含氟防蛀固齿去渍牙膏桃气莓莓110g,PROTEFIX 恐龙医生京东自营旗舰店,https://img14.360buyimg.com/pop/jfs/t1/5660/37/24300/80806/66d57098F434234dd/3c3d785f3ad8c12e.jpg,"{'price': 29.9, 'coupon_discount': 14, 'price_coupon': 15.9, 'commission': 3.18}"
10093478551281,水卫士洗衣凝珠粒粒净持久留香洗衣珠去污渍洁白高效除菌柔软亲肤水卫仕 【96颗】苍兰香+绿野仙踪+玫瑰香,水卫士旗舰店,https://img14.360buyimg.com/pop/jfs/t1/178493/22/51398/104999/673d4316Fee856faf/249b6a816b5a5bf5.jpg,"{'price': 49.9, 'coupon_discount': 30, 'price_coupon': 19.9, 'commission': 4.98}"
10106579850417,适用苹果15手机壳iPhone14plus透明13promax硅胶12mini保护套xsxr 透明 苹果13promax,翰岑拼购店,https://img14.360buyimg.com/pop/jfs/t1/98423/15/27532/58891/666be43cF86d27f5c/3710223acaab0149.jpg,"{'price': 38.2, 'coupon_discount': 30, 'price_coupon': 8.2, 'commission': 2.47}"
10106468940565,名流润滑液水溶性人体润滑油男女士夫妻房事专用免洗可舔精油私处快感增强液后庭肛门润滑剂成人情趣性用品 医用级润滑液100ml,名流计生用品旗舰店,https://img14.360buyimg.com/pop/jfs/t1/245759/35/11243/65190/6670452eF2220b951/7d92fa8856fafc4c.jpg,"{'price': 49, 'coupon_discount': 7, 'price_coupon': 42, 'commission': 7.5}"
10103249433092,果木岛正宗新疆特产喀什特级大枣红枣  即食灰枣骏枣 新疆大枣孕妇零食 （活动款） 732g 单果8-10g,山能优选生鲜专营店,https://img14.360buyimg.com/pop/jfs/t1/202763/37/42195/99775/663d7c3dF50a31c8d/7d9e3cab9ee585d4.jpg,"{'price': 15.9, 'coupon_discount': 6, 'price_coupon': 9.9, 'commission': 1.98}"
10114211636907,优乐多乳酸菌饮品饮料益生菌整箱100mlx20瓶青提栀子花味 AD钙奶100ml*20瓶 100ml,优乐多牛奶乳品旗舰店,https://img14.360buyimg.com/pop/jfs/t1/5214/35/26225/103037/66cbe7b5F5ac18a45/5317c75b2455454d.jpg,"{'price': 29.9, 'coupon_discount': 10, 'price_coupon': 19.9, 'commission': 3.98}"
10074666893335,玉蝉老酒泸州玉蝉白酒浓香型典范 52度白酒 高粱酒固态发酵口粮酒白酒送礼 52度 500mL 1瓶 大曲与小酒特曲品鉴,玉蝉老酒旗舰店,https://img14.360buyimg.com/pop/jfs/t1/134991/1/52627/131445/673315beF5a9edc43/3230875919270602.jpg,"{'price': 69.9, 'coupon_discount': 22, 'price_coupon': 47.9, 'commission': 8.78}"
10436299550,丸美（MARUBI）大红瓶面霜50g 抗皱紧致淡纹乳液面霜女士 生日礼物女,丸美官方旗舰店,https://img14.360buyimg.com/pop/jfs/t1/235268/1/23313/89316/66daadf9F9dca824f/cabdf883828934b4.jpg,"{'price': 159, 'coupon_discount': 100, 'price_coupon': 59, 'commission': 11.86}"
100112104356,新盖中盖氨糖软骨素钙片 中老年成人补钙 8瓶送礼礼盒,盖中盖京东自营旗舰店,https://img14.360buyimg.com/pop/jfs/t1/187957/33/52097/172645/673dae0bF36546cca/42bd68db91e68bd2.jpg,"{'price': 259, 'coupon_discount': 20, 'price_coupon': 239, 'commission': 93.2}"
10087461541604,YINAIMEI【 山姆同款】软毛牙刷超细高档牙刷成人深度清洁口腔家庭装牙刷 【山姆同款】高品质软毛牙刷 6支,尧先个护专营店,https://img14.360buyimg.com/pop/jfs/t1/43495/8/23988/125387/66b71927Fbebc3f03/56ea980cad0c958b.jpg,"{'price': 28.9, 'coupon_discount': 20, 'price_coupon': 8.9, 'commission': 1.78}"
10098920806572,纽珀（NEOPERL）瑞士Shower-to-go迷你便携式旅行款手持花洒喷头淋浴露营宾馆 便携旅行花洒&zero软管-蓝白套装,纽珀旗舰店,https://img14.360buyimg.com/pop/jfs/t1/230381/21/15181/76734/65fcfad9Fcd806116/99ab8de8b2546fe5.jpg,"{'price': 152.1, 'coupon_discount': 5, 'price_coupon': 147.1, 'commission': 29.42}"
10043020419452,凡趣 50只 垃圾袋特大号商用厨房加厚家用黑色酒店物业手提背心塑料袋 60宽*90高*50只 加厚型,世纪景程清洁专营店,https://img14.360buyimg.com/pop/jfs/t1/218367/3/9458/159810/61cd9166E720a062e/6f7683c4602f28c3.jpg,"{'price': 38.8, 'coupon_discount': 3, 'price_coupon': 35.8, 'commission': 7.16}"
10075117406650,爱立方【高蛋白低油脂】爱立方冻干猫粮生骨肉冻干幼猫零食成猫兔肉冻干 【增肥发腮】鸡肉冻干 60g,爱立方宠物生活旗舰店,https://img14.360buyimg.com/pop/jfs/t1/162182/9/34934/89514/63edd762F7fba6905/0ea0c9c953225af9.jpg,"{'price': 59, 'coupon_discount': 30, 'price_coupon': 29, 'commission': 5.8}"
10101879197761,惠寻【已售10万】细滑圆线牙线XY 细滑圆线牙线2盒装,惠寻口腔护理美叶专卖店,https://img14.360buyimg.com/pop/jfs/t1/167080/36/52738/73855/673803e3F7aaa5369/8fb2baee58ea118c.jpg,"{'price': 11.47, 'coupon_discount': 5, 'price_coupon': 6.47, 'commission': 1.62}"
10116664130827,织梦【优选百货】抽纸巾原木浆纸巾擦手纸便携式家用卫生纸 2包,恒然百货店,https://img14.360buyimg.com/pop/jfs/t1/172008/29/43021/65820/6610c0c7Fc9a4456d/ff1391d84aefafd7.png,"{'price': 38.9, 'coupon_discount': 30, 'price_coupon': 8.9, 'commission': 2.67}"
10101984213370,春娟黄芪霜滋润保湿补水经典老牌国货面霜护肤品脸霜化妆品油皮干皮 干皮滋润版30g*3瓶装,春娟旗舰店,https://img14.360buyimg.com/pop/jfs/t1/217079/15/43904/55097/667b8f16F4d69e580/4368e5a6fab09bb2.jpg,"{'price': 157.7, 'coupon_discount': 20, 'price_coupon': 137.7, 'commission': 27.68}"
10061798584848,【满2件减5元】正版图书【精装硬壳】国际大奖绘本3-6-9岁儿童经典阅读亲子宝宝睡前故事书小房子大象巴巴的故事小兔彼得的故事 湖北新华书店旗舰店 小房子,湖北新华书店旗舰店,https://img14.360buyimg.com/pop/jfs/t1/160303/18/29049/198436/6672390eFab10990a/58be39c8e4bc3c78.jpg,"{'price': 11.9, 'coupon_discount': 5, 'price_coupon': 6.9, 'commission': 1.38}"
10113887520057,幼小衔接铅笔描红 笔画笔顺汉字偏旁部首英语描红拼音数字 3-6岁幼儿学前班写字启蒙 儿童练字帖 拼音启蒙小能手,小脚鸭图书旗舰店,https://img14.360buyimg.com/pop/jfs/t1/112046/30/44354/71792/66c84a7dF795df3be/83895b9a265cc7a6.jpg,"{'price': 10.01, 'coupon_discount': 0.5, 'price_coupon': 5, 'commission': 1}"
10105107315756,英氏奶瓶清洗剂洗奶瓶刷婴儿奶瓶清洗奶嘴果蔬玩具奶瓶清洁泡沫f 【到手2瓶】奶瓶清洗剂450ml,英氏洗护旗舰店,https://img14.360buyimg.com/pop/jfs/t1/185769/36/51538/72968/6734c7beF10e2cc5e/b3a22abaed6d5cf5.jpg,"{'price': 49, 'coupon_discount': 5, 'price_coupon': 44, 'commission': 8.8}"
10087926743652,海狸先生 拌饭海苔碎芝麻拌饭料儿童包饭团寿司食材烤海苔 有鱼有肉拌饭1袋（10小包）*110g,海狸先生休闲零食官方旗舰店,https://img14.360buyimg.com/pop/jfs/t1/207750/31/38682/194913/65fbc00eFc8c7386f/2c3a260bc02449a4.jpg,"{'price': 29.9, 'coupon_discount': 3, 'price_coupon': 26.9, 'commission': 0.27}"
10096924264849,黄飛鸿&黄源德活络油非香港版原装正品通经活络颈椎肩周腰椎活洛油关节风湿按摩 1瓶黄飞鸿千里追风油50ml  (升级款),爱一医疗器械专营店,https://img14.360buyimg.com/pop/jfs/t1/221473/25/27547/146681/64784f48F10876653/b4887282cafbec3e.jpg,"{'price': 58.8, 'coupon_discount': 39, 'price_coupon': 19.8, 'commission': 5.94}"
10108718742329,海昊宜生双头棉签医用掏耳朵化妆画眼线棉棒一次性尖头圆头婴儿脱脂清洁卫生棉花棒 纸轴-儿童双头棉签【600支/3罐】螺旋+挖耳勺,海昊宜生医疗器械旗舰店,https://img14.360buyimg.com/pop/jfs/t1/249603/35/14101/86666/6688b1adFfb8259bf/e6914a5c25a22093.jpg,"{'price': 19.9, 'coupon_discount': 10, 'price_coupon': 9.9, 'commission': 1.98}"
10100576238312,惠寻【万单爆款】舒适柔护净白牙刷 颜色随机发货 万毛牙刷 1支,惠寻口腔护理美叶专卖店,https://img14.360buyimg.com/pop/jfs/t1/104729/19/49475/62826/6738032fFdd0a2f2e/9c00a87f7935eb28.jpg,"{'price': 4.93, 'coupon_discount': 2, 'price_coupon': 2.93, 'commission': 0.73}"
10041439762490,韩美肌（Hanmeiji）羊胎素弹嫩紧致淡纹护肤品补水保湿水乳化妆品套装七夕礼盒 羊胎素紧致六件套,韩美肌旗舰店,https://img14.360buyimg.com/pop/jfs/t1/114760/19/39639/77193/64b0ed22Fc332af01/edd82cafeed40da7.jpg,"{'price': 699, 'coupon_discount': 50, 'price_coupon': 649, 'commission': 109.8}"
10101347140384,惠寻【万单爆款】棉感极柔万毛牙刷 超柔软云朵防滑刷毛 柔护净白牙刷 8支,惠寻口腔护理美叶专卖店,https://img14.360buyimg.com/pop/jfs/t1/190996/20/51526/70887/673801ecFdce78a35/606d0658c49f4906.jpg,"{'price': 12.94, 'coupon_discount': 5, 'price_coupon': 7.94, 'commission': 1.99}"
10116376821879,臻羞水解胶原抗皱护手霜滋润保湿清爽不油腻改善手部干裂冻裂细纹男女 抗皱护手霜5支,锦宇个人护理专营店,https://img14.360buyimg.com/pop/jfs/t1/5673/13/26931/223573/66e13e5aF78758bf8/b47b0e26d326dc55.jpg,"{'price': 39.9, 'coupon_discount': 30, 'price_coupon': 9.9, 'commission': 2.48}"
10115183787524,熙婷马油防裂膏手足干燥起皮手脚后跟干裂皲裂粗糙补水保湿滋润肤乳霜 70g 2瓶 马油防裂手足霜,尧先个护专营店,https://img14.360buyimg.com/pop/jfs/t1/168030/30/45540/176689/66f113cfF4a62cea4/d01cdcf3ce7d8f5e.jpg,"{'price': 29.9, 'coupon_discount': 20, 'price_coupon': 9.9, 'commission': 3.96}"
10110512468042,晨洁牙刷宽头软毛家用双重植毛家庭装成人磨尖丝男士专用清洁口腔 中毛 4支 9743/2*2,晨洁口腔护理旗舰店,https://img14.360buyimg.com/pop/jfs/t1/220729/13/37437/83969/660661ebFcad13617/45a6fe9c95ba7d7b.jpg,"{'price': 13.8, 'coupon_discount': 5, 'price_coupon': 8.8, 'commission': 1.76}"
10042647733246,宛医农家艾艾草膝盖贴艾灸发热贴半月板膝关节炎痛风湿中老年成人温灸贴热敷 【12贴】膝盖贴x1盒*,亦创个护专营店,https://img14.360buyimg.com/pop/jfs/t1/195531/20/43916/143997/6618d198F8a41a9a8/7f7a83260006e965.jpg,"{'price': 39.9, 'coupon_discount': 30, 'price_coupon': 9.9, 'commission': 1.98}"
10029481015159,阿一波咖喱100g*3盒 咖喱块 调味品 泰式咖喱拌饭拌面调味料 咖喱100g*3（2原味+1微辣）,阿一波旗舰店,https://img14.360buyimg.com/pop/jfs/t1/103978/39/43908/199848/64f2fc0dFd4644557/5ce9d8727c89edb8.jpg,"{'price': 24.9, 'coupon_discount': 11, 'price_coupon': 13.9, 'commission': 2.78}"
10104467797265,雾苏【4项大奖 自然清甜】葡萄酒甜红甜酒鸡尾酒莫斯卡托果味酒女士酒 冰白 750ml*2瓶,九岸酒类官方旗舰店,https://img14.360buyimg.com/pop/jfs/t1/200305/15/48270/94835/67247256F9b699fdd/87b70f89cc620da2.jpg,"{'price': 109, 'coupon_discount': 50, 'price_coupon': 59, 'commission': 11.8}"
10112145253746,五粮液股份出品 一尊天下 金龙赐福 52度浓香型白酒 送礼宴请 52度 500mL 6瓶 整箱装,美酒官方旗舰店,https://img14.360buyimg.com/pop/jfs/t1/200036/39/49430/188828/6735ad22F8bfbc2d2/c34c690bd37c10f3.jpg,"{'price': 1899, 'coupon_discount': 1380, 'price_coupon': 519, 'commission': 103.8}"
10099566690564,张太和 蒲公英参斛结节茶 甘草姜盾汤 油切大肚茶 大麦茶 全须生晒参滋补送礼佳品 蒲公英参斛结节茶100g（5gx20）/袋,张太和官方旗舰店,https://img14.360buyimg.com/pop/jfs/t1/82021/19/27097/104935/66cc1904F46a1e34e/15a473a85e8aa1d5.jpg,"{'price': 79.9, 'coupon_discount': 50, 'price_coupon': 29.9, 'commission': 5.98}"
10098604384079,阿拉丁新疆面粉 雪芯粉多用途家用面粉10斤新国标 雪芯粉5kg,阿拉丁奇台面粉旗舰店,https://img14.360buyimg.com/pop/jfs/t1/234887/8/16336/165081/663c904aFfd4fc8f4/ffcd266ba8c64c83.jpg,"{'price': 49.9, 'coupon_discount': 15, 'price_coupon': 34.9, 'commission': 6.98}"
10112258620946,Akasugu婴幼儿屏障口水膏 宝宝口水护理膏嘴部舒缓滋润疹保湿面霜 婴儿唇周膏15g（基础版）,Akasugu官方旗舰店,https://img14.360buyimg.com/pop/jfs/t1/237602/22/24774/241781/66dbb264F8ce17e6e/2a4d9af0ba6fecd6.png,"{'price': 99, 'coupon_discount': 20, 'price_coupon': 79, 'commission': 15.8}"
10072288860287,君御水龙头防溅神器洗头加长延伸管可弯曲不变形拖把池水龙头延伸器 延伸器软管[50cm黑色],君御旗舰店,https://img14.360buyimg.com/pop/jfs/t1/220972/28/26637/64923/64c89e00Fb16e13e3/b7b28edada8955ef.jpg,"{'price': 65.33, 'coupon_discount': 0.9, 'price_coupon': 58.8, 'commission': 17.64}"
100024966725,小鹿蓝蓝 婴幼儿棒棒饼干 儿童手指饼干婴儿儿童宝宝零食含钙DHA藻油 130g,小鹿蓝蓝京东自营旗舰店,https://img14.360buyimg.com/pop/jfs/t1/234144/24/28394/112897/6740b8f5Fa7ac7a61/12a002e7eff6cf7a.jpg,"{'price': 29.9, 'coupon_discount': 0.5, 'price_coupon': 14.95, 'commission': 2.99}"
10118467073464,rouya全芯体纸尿裤试用装双层防漏学步裤成长一体裤薄婴儿夜用尿不湿 芯太软纸尿裤试用NB码14片,柔丫（rouya）护理旗舰店,https://img14.360buyimg.com/pop/jfs/t1/105831/13/42855/103936/66e0fab2F2d427909/00ff241e11b74859.jpg,"{'price': 12.9, 'coupon_discount': 6, 'price_coupon': 6.9, 'commission': 2.07}"
10101431763199,BOOCHI【超强降噪丨好评如潮】无线蓝牙耳机适用华为骨传导概念不入耳舒适运动跑步迷你夹耳耳夹开放式 高配版】轻盈舒适|千元音质 白色,BOOCHI旗舰店,https://img14.360buyimg.com/pop/jfs/t1/219417/12/43877/134967/671a0afaFdf1f7e0f/bc1e9d4969179162.jpg,"{'price': 57.9, 'coupon_discount': 18, 'price_coupon': 39.9, 'commission': 8.02}"
55165551932,YUHOO【好物精选】海盐苏打牙膏牙齿洁白软化牙渍牙黄口腔护理大容量装 海盐苏打牙膏两盒,大有益个人护理专营店,https://img14.360buyimg.com/pop/jfs/t1/134820/18/37417/113554/64fa7eb2Fc88e7c08/05cfe61138d41d84.png,"{'price': 29.9, 'coupon_discount': 20, 'price_coupon': 9.9, 'commission': 1.98}"
10090725487713,樱花日记组合卫生巾干爽透气日用夜用姨妈巾亲肤防漏护垫乳酸祛味少女生 4日用+1夜用+1加长+1护垫-共66片,樱花日记旗舰店,https://img14.360buyimg.com/pop/jfs/t1/99282/27/39769/151389/6694d900Feb3bdacb/b191dde95d3e38b2.jpg,"{'price': 67.9, 'coupon_discount': 22, 'price_coupon': 45.9, 'commission': 9.18}"
10086558507929,视千里护眼贴艾草冷敷贴缓解学生熬夜成人青少年儿童眼部护理干涩眼疲劳 蒸汽热敷眼罩*1盒,亦创个护专营店,https://img14.360buyimg.com/pop/jfs/t1/125898/25/37556/178331/646dcd03Fae9d3c14/076af004a11a610e.jpg,"{'price': 39.9, 'coupon_discount': 30, 'price_coupon': 9.9, 'commission': 2.97}"
10110845472019,乖乖兔充电热水袋暖宝宝暖手宝暖水袋暖手袋暖肚子暖腰防爆自动断电腰带 粉腰带【可拆洗】国标内防爆,乖乖兔旗舰店,https://img14.360buyimg.com/pop/jfs/t1/68614/27/27194/106197/66a35dd0Fefab5959/50e1461537f3f4ac.jpg,"{'price': 43.9, 'coupon_discount': 9, 'price_coupon': 34.9, 'commission': 6.98}"
10079467440250,同城热水器维修上门服务太阳能壁挂炉空气能打不着火管道漏水故障安装拆卸清洗家电维修 壁挂炉维修【10分钟极速达】,金城品匠旗舰店,https://img14.360buyimg.com/pop/jfs/t1/173166/40/46418/82208/671a2589F57aade83/d62a710d9b64dbb0.jpg,"{'price': 6, 'coupon_discount': 2, 'price_coupon': 4, 'commission': 0.4}"
10114459574163,韩冰三面包裹式软毛牙刷立体全方位清洁刮舌苔成人男女情侣家庭装牙刷 三面包裹式软毛 4支 *1盒,网邻生活卖场店,https://img14.360buyimg.com/pop/jfs/t1/91528/9/48025/105424/66ceb69cF0c352d10/0d357bc2c5afbbc9.jpg,"{'price': 10.56, 'coupon_discount': 2, 'price_coupon': 8.56, 'commission': 1.71}"
10114581798478,舒可乐【精选直发】小包手帕纸随身便携加厚纸巾柔韧干湿两用不易破3层 50包【3层/片】,菲亘生活拼购店,https://img14.360buyimg.com/pop/jfs/t1/247775/10/15645/121154/669f5941F9c3cdb60/48dfb47e2a93d24c.jpg,"{'price': 53.9, 'coupon_discount': 30, 'price_coupon': 23.9, 'commission': 9.56}"
10115045754385,作业帮自然拼读情景图解法巧记单词国际音标速记单词1-6年级适用小学英语全国通用109节名师拼读课必背单词 【2本】自然拼读+国际音标,作业帮图书旗舰店,https://img14.360buyimg.com/pop/jfs/t1/249073/28/18444/172171/66e2b384F21689f9d/e0987b3bbe26b723.jpg,"{'price': 45.8, 'coupon_discount': 23, 'price_coupon': 22.8, 'commission': 4.56}"
10067932791156,啄木鸟洗衣机维修上门服务 冰箱波轮滚筒洗衣机电饭煲打印机电视机家用家电检测上门维修服务 烘干机维修,啄木鸟安装维修官方旗舰店,https://img14.360buyimg.com/pop/jfs/t1/216429/34/46214/114066/671e69adFe8642f36/ca08bf87d1bba56d.png,"{'price': 9.9, 'coupon_discount': 7, 'price_coupon': 2.9, 'commission': 0.36}"
10054890566925,英氏儿童沐浴露洗发水二合一男女孩宝宝洗澡专用洗发沐浴液露 【拍2件更划算】儿童二合一400ml,英氏洗护旗舰店,https://img14.360buyimg.com/pop/jfs/t1/245536/12/24027/75348/6734cefaFa30db898/b4957ea14fc5c87d.jpg,"{'price': 49, 'coupon_discount': 20, 'price_coupon': 29, 'commission': 5.8}"
10096408034717,食【实惠】东北黑龙江大米珍珠贡米5斤10斤小袋长粒香米价当季新米 1g 东北珍珠大米 5斤 【低氧保鲜】,妙德食品拼购店,https://img14.360buyimg.com/pop/jfs/t1/172254/13/38779/121093/65bb42c4Fc128f579/49abb717b3774029.jpg,"{'price': 75.8, 'coupon_discount': 30, 'price_coupon': 45.8, 'commission': 18.32}"
10021228662112,佳婴氧气森林拉拉裤超薄婴儿尿不湿男女宝宝透气弱酸亲肤成长裤 XXL72片半包臀拉拉裤,佳婴旗舰店,https://img14.360buyimg.com/pop/jfs/t1/242246/4/12342/87141/6673ca1aF8018df90/45918f734aeace07.jpg,"{'price': 109, 'coupon_discount': 5, 'price_coupon': 104, 'commission': 12}"
100034346562,英氏儿童洗发水女童专用洗发露 宝宝洗发水柔顺护发氨基酸洗发水300ml,英氏（YEEHOO）洗护京东自营旗舰店,https://img14.360buyimg.com/pop/jfs/t1/163138/39/51075/96269/6732c728Fe221b729/e2c4d196354927d8.jpg,"{'price': 49, 'coupon_discount': 10, 'price_coupon': 39, 'commission': 7.8}"
10101478100710,一步到家洗衣机维修上门服务 家用家电冰箱维修洗碗机冰柜冷藏展示柜不启动上门检测维修家电维修 冰箱维修,一步到家官方旗舰店,https://img14.360buyimg.com/pop/jfs/t1/211634/7/46541/54854/671e6b9eF109f984d/3c531f784a576b34.png,"{'price': 9.9, 'coupon_discount': 7, 'price_coupon': 2.9, 'commission': 0.36}"
10116477663961,洁成一次性保鲜膜套200只装食品级防尘罩松紧口通用 【高质款】保鲜膜套400只,洁成官方旗舰店,https://img14.360buyimg.com/pop/jfs/t1/135298/31/46346/109024/66c2a719F738f5fd1/43d87c6262c2c3a2.jpg,"{'price': 19.9, 'coupon_discount': 8, 'price_coupon': 11.9, 'commission': 2.38}"
56682331685,小学生必背分级文学常识 1-6年级小学生必背文学常识大全中国古代现代文学基础语文知识积累备ZF,小脚鸭图书旗舰店,https://img14.360buyimg.com/pop/jfs/t1/192719/9/47830/130667/66f38965F2f88153d/1636e0cc6d6bdc7a.jpg,"{'price': 29.8, 'coupon_discount': 10, 'price_coupon': 19.8, 'commission': 3.96}"
10046079147239,RedDog红狗猫咪维生素猫草片猫多维微量元素 化毛球复合营养片猫咪专用 新手养猫 猫多维(200片),红狗旗舰店,https://img14.360buyimg.com/pop/jfs/t1/75806/13/28969/73010/670c8fb8F54b447c5/660af935ec7c8a22.jpg,"{'price': 39, 'coupon_discount': 10, 'price_coupon': 29, 'commission': 5.8}"
10108029679571,一步到家门窗维修安装上门服务铝合金门窗户玻璃纱窗维检测维修 纱窗组装/维修,一步到家官方旗舰店,https://img14.360buyimg.com/pop/jfs/t1/96980/22/54100/83805/671e6d85F9a2d131d/be0b5ce7fd280767.png,"{'price': 9.9, 'coupon_discount': 7, 'price_coupon': 2.9, 'commission': 0.36}"
10112648139727,午餐包学生便当袋保温包户外厚铝箔野餐便当包冰包午餐饭盒袋 阳离子黑色手提款（1个装）,凯炅拼购店,https://img14.360buyimg.com/pop/jfs/t1/228176/3/25547/118346/66bad07fF90c67812/d4fc10c7d833d476.jpg,"{'price': 45.9, 'coupon_discount': 30, 'price_coupon': 15.9, 'commission': 4.8}"
10079297240036,同城台式笔记本电脑维修上门服务清灰系统安装装机组装数据恢复修复联想华为不开机蓝屏死机 清灰【10分钟极速达】,金城品匠旗舰店,https://img14.360buyimg.com/pop/jfs/t1/102867/6/50708/847497/671bb26aF824dafa2/5bdd3f5d1f89e061.png,"{'price': 6, 'coupon_discount': 2, 'price_coupon': 4, 'commission': 0.4}"
10036064418851,TKL R20小蜜蜂扩音器教师无线领夹麦克风教学专用上课小型多功能户外叫卖喇叭蓝牙便携喊话器音箱 无线领夹一拖二（赠有线头戴）,晨千宇数码专营店,https://img14.360buyimg.com/pop/jfs/t1/146279/22/21562/155434/620b75c1Ed31a1493/6dd57d2908f075ca.jpg,"{'price': 288, 'coupon_discount': 5, 'price_coupon': 283, 'commission': 54.8}"
4182830,名流 避孕套超薄安全套套狼牙颗粒螺纹空气72只男女计生用品,名流京东自营旗舰店,https://img14.360buyimg.com/pop/jfs/t1/114935/39/53628/115946/67443665F8a4fdb0e/8106d55e4222d3d8.jpg,"{'price': 49.5, 'coupon_discount': 10, 'price_coupon': 39.5, 'commission': 4.7}"
10098681405005,同城冰箱维修上门装机保养清洗加氟结冰除臭压缩机维修故障检测加液保养安装拆卸服务 冰箱加氟【10分钟极速达】,金城品匠旗舰店,https://img14.360buyimg.com/pop/jfs/t1/198629/22/38507/1110691/671900b2Fc7cf8e14/ad33660d46f08336.png,"{'price': 6, 'coupon_discount': 2, 'price_coupon': 4, 'commission': 0.4}"
10088793905760,苏太太脱油蚕豆藤椒味兰花豆休闲零食小包装下酒小吃零食 烤肉味小包装（20包） 300g,苏太太食品官方旗舰店,https://img14.360buyimg.com/pop/jfs/t1/136361/37/42303/134143/65d2abcdF31cf344d/e0dff03392fa12ad.jpg,"{'price': 12.9, 'coupon_discount': 3, 'price_coupon': 9.9, 'commission': 1.98}"
100041006387,森林海洋香氛洗衣液全香型套装 机洗手洗衣液持久留香柔顺护衣 1斤*6瓶装,森林海洋（OCEAN&FOREST）京东自营旗舰店,https://img14.360buyimg.com/pop/jfs/t1/196319/14/50139/90166/673591eaFd40be98d/c379a0263a4a3071.jpg,"{'price': 139.9, 'coupon_discount': 5, 'price_coupon': 134.9, 'commission': 25.98}"
10100666300017,哪吒捏爆百分百果汁饮料浓缩果汁无添加饮品夏季饮料尝鲜装 混合12（甜橙3+桃3+苹果3+提3） 200ml,哪吒饮料旗舰店,https://img14.360buyimg.com/pop/jfs/t1/234840/20/13356/177056/65b89e40Fe723d387/f076c7ff4fba5018.jpg,"{'price': 39.9, 'coupon_discount': 13, 'price_coupon': 26.9, 'commission': 4.78}"
56063315165,玉蝉老酒泸州玉蝉大曲 52度 浓香型白酒500ml高粱酒固态发酵纯粮柔和绵口 52度 500mL 1瓶 大曲光瓶单瓶,玉蝉老酒旗舰店,https://img14.360buyimg.com/pop/jfs/t1/192004/6/51139/104342/673315bcF39316883/6568005c38991932.jpg,"{'price': 59.9, 'coupon_discount': 20, 'price_coupon': 39.9, 'commission': 7.98}"
10115169116134,阿尼司伦贵族高端羊毛夹克男秋冬新款商务休闲男士外套领导干部翻领外套男 2009黑色 175码/L【建议130-145斤】,阿尼司伦官方旗舰店,https://img14.360buyimg.com/pop/jfs/t1/239541/4/19335/54081/67449d37F424f80e3/6b933a93e615d53d.jpg,"{'price': 599, 'coupon_discount': 30, 'price_coupon': 569, 'commission': 95.82}"
10079466967217,同城油烟机维修上门服务故障维修油烟机止回阀管道更换油烟机清洗安装华帝老板方太美的海尔 油烟机清洗【10分钟极速达】,金城品匠旗舰店,https://img14.360buyimg.com/pop/jfs/t1/96145/29/49398/62031/671a2987F11fe2fa3/aa6fa2a86e6f64f3.jpg,"{'price': 6, 'coupon_discount': 2, 'price_coupon': 4, 'commission': 0.4}"
100082823057,优米熊纯棉中空纱儿童方巾5条婴幼儿口水巾宝宝可挂洗脸小毛巾30×30cm,优米熊家纺京东自营旗舰店,https://img14.360buyimg.com/pop/jfs/t1/211477/1/47382/107274/67456bd4F855afe6a/19ea08484282907b.jpg,"{'price': 32.9, 'coupon_discount': 1, 'price_coupon': 31.9, 'commission': 9.57}"
19774474053,SKT生姜洗发水男女强根健发去屑止痒防脱防溢脂老姜王姜汁真姜粒添加 洗发水3瓶（三瓶一期）+护发素,SKT美妆官方旗舰店,https://img14.360buyimg.com/pop/jfs/t1/109605/20/45787/109011/651d2100F678f8f36/831a97279e330706.jpg,"{'price': 139, 'coupon_discount': 50, 'price_coupon': 89, 'commission': 31.15}"
100028956395,英氏采智有机核桃油儿童冷榨佐餐油110ml/瓶滴管控量,英氏京东自营旗舰店,https://img14.360buyimg.com/pop/jfs/t1/184856/10/34945/104242/64af98aaFab5aad00/b54971425795b993.jpg,"{'price': 66.9, 'coupon_discount': 24, 'price_coupon': 42.9, 'commission': 8.71}"
10093666562364,巴半维生素E乳补水保湿舒缓皮肤乳液滋润温和不刺激男女通用 100ml 2瓶 高保湿维生素E乳,洁漓个护专营店,https://img14.360buyimg.com/pop/jfs/t1/156003/33/46145/124479/66e2c04fF52e73f93/a04a73b0bf42f68b.jpg,"{'price': 11.9, 'coupon_discount': 5, 'price_coupon': 6.9, 'commission': 2.07}"
10061866124373,一步到家热水器上门服务 家用家电空气太阳能燃气点用热水器微波炉饮水机电饭煲检测维修家电维修 壁挂炉维修,一步到家官方旗舰店,https://img14.360buyimg.com/pop/jfs/t1/249075/17/21929/82778/671e6ddbF4257ddfa/0448e4701093685f.png,"{'price': 9.9, 'coupon_discount': 7, 'price_coupon': 2.9, 'commission': 0.36}"
100097466980,思莱宜 医用护腰带腰间盘自发热保暖男女士运动腰椎托术后固定支撑器L码,思莱宜智能健康京东自营旗舰店,https://img14.360buyimg.com/pop/jfs/t1/234208/30/28151/122609/6746f895F1c7838fb/0f5eb03164d006d5.jpg,"{'price': 99, 'coupon_discount': 20, 'price_coupon': 79, 'commission': 11.8}"
10066922998160,冠巢天然木柄锅刷厨房锅刷长柄洗锅刷子榉木锅刷 2个,冠巢家庭清洁旗舰店,https://img14.360buyimg.com/pop/jfs/t1/63419/34/22905/85158/638f39faE07272047/99948709b7f54183.jpg,"{'price': 27.9, 'coupon_discount': 17, 'price_coupon': 10.9, 'commission': 2.18}"
10103284149673,Imakara儿童雨伞太阳伞防晒伞遮阳伞防紫外线晴雨两用伞折叠伞自动长柄伞 自动伞长柄89cm【带滚轮无哨子】,伴决生活拼购店,https://img14.360buyimg.com/pop/jfs/t1/213423/11/26483/155077/640e9267Fda5aaac9/fa124cd276179113.jpg,"{'price': 98.9, 'coupon_discount': 30, 'price_coupon': 68.9, 'commission': 20.67}"
10101490009930,力诚宝宝拌饭海苔碎 儿童海苔零食下饭紫菜寿司饭团食材宝宝海苔拌饭碎 【高钙高铁】拌饭海苔原味50g,力诚宝宝旗舰店,https://img14.360buyimg.com/pop/jfs/t1/226009/34/22954/192105/66865377F81efa743/6fb2028c374334c7.jpg,"{'price': 9.9, 'coupon_discount': 3, 'price_coupon': 6.9, 'commission': 1.73}"
72174814070,小学生同步试卷秋期末冲刺100分一年级语文/数学RJ版上册  试卷同步练习册 1年级 语文RJ版上册,小脚鸭图书旗舰店,https://img14.360buyimg.com/pop/jfs/t1/8275/26/21695/126448/63afd239Fb9ca4d75/7c537ca94b2c2367.jpg,"{'price': 10, 'coupon_discount': 0.5, 'price_coupon': 5, 'commission': 1}"
